patient_id,serisuid,pixel_x,pixel_y,pixel_z,interp_cent_x,interp_cent_y,interp_cent_z,bbox_x,bbox_y,bbox_z,diameter,malignancy_level,malignancy
LIDC-IDRI-0501,1.3.6.1.4.1.14519.5.2.1.6279.6001.900182736599353600185270496549,0.642578,0.642578,1.25,306.078285560165,79.64733462675535,87.94837487781035,5.783202,5.140624,5.0,5.096281092108063,3.0,0.0
LIDC-IDRI-0501,1.3.6.1.4.1.14519.5.2.1.6279.6001.900182736599353600185270496549,0.642578,0.642578,1.25,320.3576808895561,344.3647658708392,175.07517658323468,5.783202,5.783202,5.0,6.025372165849398,2.75,0.0
LIDC-IDRI-0831,1.3.6.1.4.1.14519.5.2.1.6279.6001.136830368929967292376608088362,0.703125,0.703125,0.625,278.7142857142857,79.12087912087912,412.53846153846155,5.625,6.328125,1.875,7.03125,2.0,0.0
